<?xml version="1.0"?>
<DLPSTEXTCLASS> <HEADER> <fileDesc> <titleStmt> <title>Plans for Knoxville's First Jail use raw APOSTROPHE CHARACTER</title> <author><name>unknown, Author</name></author> <respStmt> <resp>Responsible for TEI creation from MODS and image files</resp> <name>DeRidder, Jody</name> </respStmt> </titleStmt> <publicationStmt> <DATE>2008-05-14</DATE> <idno type="SPCID">0012_000058_000200_0000</idno> <availability> <p>For current rights information, please visit: http://idserver.utk.edu/?id=200600000001200 </p> </availability> </publicationStmt> <sourceDesc> <bibl> <title><DATE value="1807-05-09">May 9, 1807, </DATE>Plans for Knoxville's First Jail</title> <author><name>unknown, Author</name></author> <extent>1 digital image; 1 oversized document</extent> <note type="summary">This document lists materials and costs for the building of Knoxville's first jail (at a total cost of $824.80). Dated May 9th, 1807, it is labeled &quot;Long &amp; Booths Bill.&quot; The work includes such tasks and materials as &quot;hanging dungeon grate,&quot; &quot;fixing trap door in Garret,&quot; and &quot;putting grates in window frames.&quot; The bottom of the first page bears the name &quot;P Miller&quot; in pencil. The recto page also has various calculations.</note> <note type="manuscript">2181</note> <note type="collection">Plans for the first jail of Knoxville, 1807</note> <note type="statement of responsibility">The University of Tennessee Libraries (Knoxville, Tennessee) is the digital publisher.</note> <note type="document">0012_000058_000200_0000</note> </bibl> </sourceDesc> </fileDesc> <encodingDesc> <projectDesc> <p>Created for the Tennessee Electronic Library Volunteer Voices project.</p> </projectDesc> <editorialDecl n="1"> <p>TEI body is composed solely of images; no text is available.</p> </editorialDecl>  </encodingDesc> <profileDesc> <textClass> <keywords> <keywords> <list> <item>Jails -- Tennessee -- Design and construction</item> <item>Knoxville (Tenn.) -- Buildings, Structures, Etc.</item> </list> </keywords> </keywords> <catRef target="A.4">Expansion and Reform (1801-1861)</catRef> <catRef target="D.10">Government and Politics</catRef> <catRef target="D.22">Trade, Business, and Industry</catRef> <catRef target="C.47">Knox County</catRef> </textClass> </profileDesc> </HEADER> <text> <body> <div1 type="letter"> <PB REF="0012_000058_000200_0001.jpg" N="1" SEQ="0000000001" RES="600dpi" FMT="JPEG" FTR="1stpg"/> <PB REF="0012_000058_000200_0002.jpg" N="2" SEQ="0000000002" RES="600dpi" FMT="JPEG" FTR="UNS"/> </div1> </body> </text></DLPSTEXTCLASS>

