<?xml version="1.0" encoding="UTF-8"  ?>
<mods:mods xmlns:mods="http://www.loc.gov/mods/v3" 
 xmlns:xlink="http://www.w3.org/1999/xlink" 
 xmlns="http://www.loc.gov/mods/v3" 
 xmlns:xsi="http://www.w3.org/2001/XMLSchema-instance" 
 xsi:schemaLocation="http://www.loc.gov/mods/v3 
 http://www.loc.gov/standards/mods/v3/mods-3-2.xsd" ID="MODS" version="3.2"><!-- Volunteer Voices MODS profile 
 released 14 December 2006 by Melanie Feltner-Reichert -->
<!-- Volunteer Voices Workbook 
 version 1.0 released 6 February 2007 by Christine Haygood Deane  -->
<!-- Content Contributor:  Jonathan Murphy -->  
<!-- Project:  DLC-MODS -->  
<!-- Record Creation Date:  Tue Jan 15 09:05:46 EST 2008 -->  
<!-- FILENAME: C:\Scan\04\xml\0012_000070_000245_0000.xml  -->  
<!-- NUMBER_OF_CONSTITUENT_FILES: 2: -->  
<!-- Reload: none --> 
<!-- PAGE VALIDATION :1:1:1:1:1:1:1: -->  
<mods:titleInfo>
<mods:title>W.L. Dean in Poughkeepsie, New York to the Hon. O.P. Temple in Knoxville, Tennessee</mods:title>
</mods:titleInfo>
<mods:name  type="personal">
<mods:namePart type="family">Dean</mods:namePart>
<mods:namePart type="given">W.L.</mods:namePart>
<mods:role>
<mods:roleTerm authority="marcrelator">Author</mods:roleTerm>
</mods:role>
</mods:name>
<mods:name  type="personal" authority="LCNAF">
<mods:namePart type="family">Temple</mods:namePart>
<mods:namePart type="given">Oliver Perry</mods:namePart>
<mods:namePart type="date">1820-1907</mods:namePart>
<mods:role>
<mods:roleTerm authority="marcrelator">Recipient</mods:roleTerm>
</mods:role>
</mods:name>
<mods:name  type="corporate" authority="LCNAF">
<mods:namePart>Vassar College</mods:namePart>
<mods:role>
<mods:roleTerm authority="marcrelator">Associated name</mods:roleTerm>
</mods:role>
</mods:name>
<mods:originInfo>
<mods:dateCreated  keyDate="yes"  encoding="w3cdtf">1877-04-30</mods:dateCreated>
<mods:place>
<mods:placeTerm>Poughkeepsie, New York</mods:placeTerm>
</mods:place>
</mods:originInfo>
<mods:language>
<mods:languageTerm type="code" authority="iso639-2b">eng</mods:languageTerm>
</mods:language>
<mods:typeOfResource>text</mods:typeOfResource>
<mods:genre authority="marcgt" >letter</mods:genre>
<mods:physicalDescription>
<mods:digitalOrigin>reformatted digital</mods:digitalOrigin>
<mods:internetMediaType>image/jpeg</mods:internetMediaType>
<mods:extent>2 digital images; 1 page</mods:extent>
</mods:physicalDescription>
<mods:abstract>This note is written on Vassar College letterhead stating that a draft has been cashed for Temple&#x0027;s daughter.</mods:abstract>
<mods:subject authority="lcsh">
<mods:topic>Finance</mods:topic>
<mods:topic>Women&#x0027;s colleges</mods:topic>
</mods:subject>
<mods:subject authority="vv">
<mods:temporal>A.6</mods:temporal>
<mods:topic>D.7</mods:topic>
<mods:topic>D.22</mods:topic>
<mods:topic>D.13</mods:topic>
</mods:subject>
<mods:relatedItem type="constituent">
<mods:identifier type="local">0012_000070_000245_0001</mods:identifier>
<mods:identifier type="local">0012_000070_000245_0002</mods:identifier>
</mods:relatedItem >
<mods:identifier type="uri"></mods:identifier>
<mods:location>
<mods:physicalLocation type="repository">University of Tennessee Special Collections Library</mods:physicalLocation>
<mods:physicalLocation type="city">Knoxville</mods:physicalLocation>
<mods:physicalLocation type="state">Tennessee</mods:physicalLocation>
<mods:physicalLocation type="county">C.47</mods:physicalLocation>
<mods:physicalLocation type="collection">The O.P. Temple Papers, 1832-1909</mods:physicalLocation>
<mods:physicalLocation type="manuscriptNumber">0021</mods:physicalLocation>
<mods:physicalLocation type="detail">Series 1, Subseries 1, Box 3, Folder 1</mods:physicalLocation>
<mods:url>Jody</mods:url>
</mods:location>
<mods:recordInfo>
<mods:recordContentSource>University of Tennessee Special Collections Library</mods:recordContentSource>
<mods:recordCreationDate encoding="w3cdtf">2008-01-15</mods:recordCreationDate>
<mods:languageOfCataloging>
<mods:languageTerm type="code" authority="iso639-2b">eng</mods:languageTerm>
</mods:languageOfCataloging>
</mods:recordInfo>
<mods:accessCondition type="useAndReproduction">http://idserver.utk.edu/?id=200600000001198</mods:accessCondition>
</mods:mods>


