<strings>
	<string id="mmdocumenttypes_0" value="HTML" />
	<string id="mmdocumenttypes_1" value="<![CDATA[HTML document]]>" />
	<string id="mmdocumenttypes_2" value="ASP VBScript" />
	<string id="mmdocumenttypes_3" value="<![CDATA[Active Server Pages (ASP) document with VBScript.]]> " />
	<string id="mmdocumenttypes_4" value="ASP JavaScript" />
	<string id="mmdocumenttypes_5" value="<![CDATA[Active Server Pages (ASP) document with ECMAScript.]]> " />
	<string id="mmdocumenttypes_6" value="ColdFusion" />
	<string id="mmdocumenttypes_7" value="<![CDATA[ColdFusion document]]> " />
	<string id="mmdocumenttypes_8" value="JSP" />
	<string id="mmdocumenttypes_9" value="<![CDATA[JavaServer Page (JSP) document]]> " />
	<string id="mmdocumenttypes_10" value="ASP.NET C#" />
	<string id="mmdocumenttypes_11" value="<![CDATA[ASP.NET C# document]]> " />
	<string id="mmdocumenttypes_12" value="ASP.NET VB" />
	<string id="mmdocumenttypes_13" value="<![CDATA[ASP.NET VB document]]> " />
	<string id="mmdocumenttypes_14" value="PHP" />
	<string id="mmdocumenttypes_15" value="<![CDATA[PHP document]]> " />
	<string id="mmdocumenttypes_16" value="JavaScript" />
	<string id="mmdocumenttypes_17" value="<![CDATA[JavaScript document]]> " />
	<string id="mmdocumenttypes_18" value="VBScript" />
	<string id="mmdocumenttypes_19" value="<![CDATA[VBScript document]]> " />
	<string id="mmdocumenttypes_20" value="C-Sharp" />
	<string id="mmdocumenttypes_21" value="<![CDATA[C-Sharp document]]> " />
	<string id="mmdocumenttypes_22" value="VB" />
	<string id="mmdocumenttypes_23" value="<![CDATA[VB document]]> " />
	<string id="mmdocumenttypes_24" value="Java" />
	<string id="mmdocumenttypes_25" value="<![CDATA[Java document]]> " />
	<string id="mmdocumenttypes_26" value="HTML Template" />
	<string id="mmdocumenttypes_27" value="<![CDATA[Dreamweaver Template document]]>" />
	<string id="mmdocumenttypes_28" value="EDML" />
	<string id="mmdocumenttypes_29" value="<![CDATA[Extension Data Markup Language (EDML) document]]> " />
	<string id="mmdocumenttypes_30" value="CSS" />
	<string id="mmdocumenttypes_31" value="<![CDATA[Cascading Style Sheet (CSS) document]]> " />
	<string id="mmdocumenttypes_32" value="XML" />
	<string id="mmdocumenttypes_33" value="<![CDATA[eXtensible Markup Language (XML) document]]> " />
	<string id="mmdocumenttypes_34" value="ActionScript" />
	<string id="mmdocumenttypes_35" value="<![CDATA[ActionScript document]]>" />
	<string id="mmdocumenttypes_36" value="Text" />
	<string id="mmdocumenttypes_37" value="<![CDATA[Text document]]> " />
	<string id="mmdocumenttypes_38" value="WML" />
	<string id="mmdocumenttypes_39" value="<![CDATA[WML document]]> " />
	<string id="mmdocumenttypes_40" value="Library Item" />
	<string id="mmdocumenttypes_41" value="<![CDATA[Dreamweaver Library Item document]]> " />
	<string id="mmdocumenttypes_42" value="ASP VBScript Template" />
	<string id="mmdocumenttypes_43" value="<![CDATA[Dreamweaver ASP VBScript Template document]]> " />
	<string id="mmdocumenttypes_44" value="ASP JavaScript Template" />
	<string id="mmdocumenttypes_45" value="<![CDATA[Dreamweaver ASP JavaScript Template document]]> " />
	<string id="mmdocumenttypes_46" value="ColdFusion Template" />
	<string id="mmdocumenttypes_47" value="<![CDATA[Dreamweaver ColdFusion Template document]]> " />
	<string id="mmdocumenttypes_48" value="JSP Template" />
	<string id="mmdocumenttypes_49" value="<![CDATA[Dreamweaver JSP Template document]]> " />
	<string id="mmdocumenttypes_50" value="ASP.NET C# Template" />
	<string id="mmdocumenttypes_51" value="<![CDATA[Dreamweaver ASP.NET C# Template document]]>" />
	<string id="mmdocumenttypes_52" value="ASP.NET VB Template" />
	<string id="mmdocumenttypes_53" value="<![CDATA[Dreamweaver ASP.NET VBScript Template document]]> " />
	<string id="mmdocumenttypes_54" value="PHP Template" />
	<string id="mmdocumenttypes_55" value="<![CDATA[Dreamweaver PHP Template document]]>" />
	<string id="mmdocumenttypes_56" value="ColdFusion Component" />
	<string id="mmdocumenttypes_57" value="<![CDATA[ColdFusion Component document]]>" />
	<string id="mmdocumenttypes_58" value="TLD" />
	<string id="mmdocumenttypes_59" value="<![CDATA[Tag Library Descriptor document]]>" />
	<string id="mmdocumenttypes_60" value="ActionScript Communications" />
	<string id="mmdocumenttypes_61" value="<![CDATA[ActionScript Communications document]]>" />
	<string id="mmdocumenttypes_62" value="ActionScript Remote" />
	<string id="mmdocumenttypes_63" value="<![CDATA[ActionScript Remote document]]>" />
	<string id="mmdocumenttypes_64" value="TPL" />
	<string id="mmdocumenttypes_65" value="<![CDATA[TPL document]]>" />
</strings>

