<?xml version="1.0"?>
<documenttypes xmlns:MMString="http://www.macromedia.com/schemes/data/string/">
	<documenttype id="HTML" internaltype="HTML" winfileextension="htm,html,shtml,shtm,stm,lasso,xhtml" macfileextension="html,htm,shtml,shtm,lasso,xhtml" file="Default.html" writebyteordermark="false">
		<TITLE>
			<MMString:loadString id="mmdocumenttypes_0" />
		</TITLE>
		<description>
			<MMString:loadString id="mmdocumenttypes_1" />
		</description>
	</documenttype> 
	<documenttype id="ASP-JS" servermodel="ASP JavaScript" internaltype="Dynamic" winfileextension="asp" macfileextension="asp" file="Default_js.asp">
		<TITLE>
			<MMString:loadString id="mmdocumenttypes_4" />
		</TITLE>
		<description>
			<MMString:loadString id="mmdocumenttypes_5" />
		</description>
	</documenttype> 
	<documenttype id="ASP-VB" servermodel="ASP VBScript" internaltype="Dynamic" winfileextension="asp" macfileextension="asp" file="Default_vb.asp">
		<TITLE>
			<MMString:loadString id="mmdocumenttypes_2" />
		</TITLE>
		<description>
			<MMString:loadString id="mmdocumenttypes_3" />
		</description>
	</documenttype>
	<documenttype id="ColdFusion" servermodel="ColdFusion" internaltype="Dynamic" winfileextension="cfm,cfml" macfileextension="cfm,cfml" file="Default.cfm" priorversionservermodel="UD4 - ColdFusion">
		<TITLE>
			<MMString:loadString id="mmdocumenttypes_6" />
		</TITLE>
		<description>
			<MMString:loadString id="mmdocumenttypes_7" />
		</description>
	</documenttype>
	<documenttype id="CFC" servermodel="ColdFusion" internaltype="Dynamic" winfileextension="cfc" macfileextension="cfc" file="Default.cfc" priorversionservermodel="UD4 - ColdFusion">
		<TITLE>
			<MMString:loadString id="mmdocumenttypes_56" />
		</TITLE>
		<description>
			<MMString:loadString id="mmdocumenttypes_57" />
		</description>
	</documenttype>
	<documenttype id="JSP" servermodel="JSP" internaltype="Dynamic" winfileextension="jsp,jst" macfileextension="jsp,jst" file="Default.jsp">
		<TITLE>
			<MMString:loadString id="mmdocumenttypes_8" />
		</TITLE>
		<description>
			<MMString:loadString id="mmdocumenttypes_9" />
		</description>
	</documenttype>
	<documenttype id="ASP.NET_VB" servermodel="ASP.NET VB" internaltype="Dynamic" winfileextension="aspx,ascx" macfileextension="aspx,ascx" file="Default_vb.aspx">
		<TITLE>
			<MMString:loadString id="mmdocumenttypes_12" />
		</TITLE>
		<description>
			<MMString:loadString id="mmdocumenttypes_13" />
		</description>
	</documenttype>
	<documenttype id="ASP.NET_CSharp" servermodel="ASP.NET C#" internaltype="Dynamic" winfileextension="aspx,ascx" macfileextension="aspx,ascx" file="Default_cs.aspx">
		<TITLE>
			<MMString:loadString id="mmdocumenttypes_10" />
		</TITLE>
		<description>
			<MMString:loadString id="mmdocumenttypes_11" />
		</description>
	</documenttype>
	<documenttype id="PHP_MySQL" servermodel="PHP MySQL" internaltype="Dynamic" winfileextension="php,php3" macfileextension="php,php3" file="Default.php">
		<TITLE>
			<MMString:loadString id="mmdocumenttypes_14" />
		</TITLE>
		<description>
			<MMString:loadString id="mmdocumenttypes_15" />
		</description>
	</documenttype>
	<documenttype id="JavaScript" internaltype="Text" winfileextension="js" macfileextension="js" file="Default.js">
		<TITLE>
			<MMString:loadString id="mmdocumenttypes_16" />
		</TITLE>
		<description>
			<MMString:loadString id="mmdocumenttypes_17" />
		</description>
	</documenttype>
	<documenttype id="VBScript" internaltype="Text" winfileextension="vbs" macfileextension="vbs" file="Default.vbs">
		<TITLE>
			<MMString:loadString id="mmdocumenttypes_18" />
		</TITLE>
		<description>
			<MMString:loadString id="mmdocumenttypes_19" />
		</description>
	</documenttype>
	<documenttype id="Csharp" internaltype="Text" winfileextension="cs" macfileextension="cs" file="Default.cs">
		<TITLE>
			<MMString:loadString id="mmdocumenttypes_20" />
		</TITLE>
		<description>
			<MMString:loadString id="mmdocumenttypes_21" />
		</description>
	</documenttype>
	<documenttype id="VB" internaltype="Text" winfileextension="vb" macfileextension="vb" file="Default.vb">
		<TITLE>
			<MMString:loadString id="mmdocumenttypes_22" />
		</TITLE>
		<description>
			<MMString:loadString id="mmdocumenttypes_23" />
		</description>
	</documenttype>
	<documenttype id="Java" internaltype="Text" winfileextension="java" macfileextension="java" file="Default.java">
		<TITLE>
			<MMString:loadString id="mmdocumenttypes_24" />
		</TITLE>
		<description>
			<MMString:loadString id="mmdocumenttypes_25" />
		</description>
	</documenttype>
	<documenttype id="DWTemplate" internaltype="DWTemplate" winfileextension="dwt" macfileextension="dwt" file="Default.dwt">
		<TITLE>
			<MMString:loadString id="mmdocumenttypes_26" />
		</TITLE>
		<description>
			<MMString:loadString id="mmdocumenttypes_27" /> 
		</description>
	</documenttype>
	<documenttype id="EDML" internaltype="XML" winfileextension="edml,edm" macfileextension="edml,edm" file="Default.edml">
		<TITLE>
			<MMString:loadString id="mmdocumenttypes_28" />
		</TITLE>
		<description>
			<MMString:loadString id="mmdocumenttypes_29" />
		</description>
	</documenttype>
	<documenttype id="CSS" internaltype="Text" winfileextension="css" macfileextension="css" file="Default.css">
		<TITLE>
			<MMString:loadString id="mmdocumenttypes_30" />
		</TITLE>
		<description>
			<MMString:loadString id="mmdocumenttypes_31" />
		</description>
	</documenttype>
	<documenttype id="XML" internaltype="XML" winfileextension="xml,vtm,vtml,csn" macfileextension="xml,vtm,vtml,csn" file="Default.xml" writebyteordermark="false">
		<TITLE>
			<MMString:loadString id="mmdocumenttypes_32" />
		</TITLE>
		<description>
			<MMString:loadString id="mmdocumenttypes_33" />
		</description>
	</documenttype>
	<documenttype id="Actionscript" internaltype="Text" winfileextension="as" macfileextension="as" file="Default.as">
		<TITLE>
			<MMString:loadString id="mmdocumenttypes_34" />
		</TITLE>
		<description>
			<MMString:loadString id="mmdocumenttypes_35" /> 
		</description>
	</documenttype>
	<documenttype id="Text" internaltype="Text" winfileextension="txt" macfileextension="txt" file="Default.txt">
		<TITLE>
			<MMString:loadString id="mmdocumenttypes_36" />
		</TITLE>
		<description>
			<MMString:loadString id="mmdocumenttypes_37" />
		</description>
	</documenttype>
	<documenttype id="WML" internaltype="XML" winfileextension="wml" macfileextension="wml" file="Default.wml">
		<TITLE>
			<MMString:loadString id="mmdocumenttypes_38" />
		</TITLE>
		<description>
			<MMString:loadString id="mmdocumenttypes_39" />
		</description>
	</documenttype>
	<documenttype id="TLD" internaltype="XML" winfileextension="tld" macfileextension="tld" file="Default.tld">
		<TITLE>
			<MMString:loadString id="mmdocumenttypes_58" />
		</TITLE>
		<description>
			<MMString:loadString id="mmdocumenttypes_59" />
		</description>
	</documenttype>
	<documenttype id="LibraryItem" internaltype="HTML" winfileextension="lbi" macfileextension="lbi" file="Default.lbi">
		<TITLE>
			<MMString:loadString id="mmdocumenttypes_40" />
		</TITLE>
		<description>
			<MMString:loadString id="mmdocumenttypes_41" />
		</description>
	</documenttype>
	<documenttype id="DWTemplate_ASPVB" internaltype="DWTemplate" dynamicid="ASP-VB" winfileextension="dwt.asp" macfileextension="dwt.asp" file="Default_vb.dwt.asp">
		<TITLE>
			<MMString:loadString id="mmdocumenttypes_42" />
		</TITLE>
		<description>
			<MMString:loadString id="mmdocumenttypes_43" />
		</description>
	</documenttype>
	<documenttype id="DWTemplate_ASPJS" internaltype="DWTemplate" dynamicid="ASP-JS" winfileextension="dwt.asp" macfileextension="dwt.asp" file="Default_js.dwt.asp">
		<TITLE>
			<MMString:loadString id="mmdocumenttypes_44" />
		</TITLE>
		<description>
			<MMString:loadString id="mmdocumenttypes_45" />
		</description>
	</documenttype>
	<documenttype id="DWTemplate_CF" internaltype="DWTemplate" dynamicid="ColdFusion" winfileextension="dwt.cfm" macfileextension="dwt.cfm" file="Default.dwt.cfm">
		<TITLE>
			<MMString:loadString id="mmdocumenttypes_46" />
		</TITLE>
		<description>
			<MMString:loadString id="mmdocumenttypes_47" />
		</description>
	</documenttype>
	<documenttype id="DWTemplate_JSP" internaltype="DWTemplate" dynamicid="JSP" winfileextension="dwt.jsp" macfileextension="dwt.jsp" file="Default.dwt.jsp">
		<TITLE>
			<MMString:loadString id="mmdocumenttypes_48" />
		</TITLE>
		<description>
			<MMString:loadString id="mmdocumenttypes_49" />
		</description>
	</documenttype>
	<documenttype id="DWTemplate_AXCS" internaltype="DWTemplate" dynamicid="ASP.NET_CSharp" winfileextension="dwt.aspx" macfileextension="dwt.aspx" file="Default_cs.dwt.aspx">
		<TITLE>
			<MMString:loadString id="mmdocumenttypes_50" />
		</TITLE>
		<description>
			<MMString:loadString id="mmdocumenttypes_51" /> 
		</description>
	</documenttype>
	<documenttype id="DWTemplate_AXVB" internaltype="DWTemplate" dynamicid="ASP.NET_VB" winfileextension="dwt.aspx" macfileextension="dwt.aspx" file="Default_vb.dwt.aspx">
		<TITLE>
			<MMString:loadString id="mmdocumenttypes_52" />
		</TITLE>
		<description>
			<MMString:loadString id="mmdocumenttypes_53" />
		</description>
	</documenttype>
	<documenttype id="DWTemplate_PHP" internaltype="DWTemplate" dynamicid="PHP_MySQL" winfileextension="dwt.php" macfileextension="dwt.php" file="Default.dwt.php">
		<TITLE>
			<MMString:loadString id="mmdocumenttypes_54" />
		</TITLE>
		<description>
			<MMString:loadString id="mmdocumenttypes_55" /> 
		</description>
	</documenttype>
	<documenttype id="ASComm" internaltype="Text" winfileextension="asc" macfileextension="asc" file="Default.asc">
		<TITLE>
			<MMString:loadString id="mmdocumenttypes_60" />
		</TITLE>
		<description>
			<MMString:loadString id="mmdocumenttypes_61" /> 
		</description>
	</documenttype>
	<documenttype id="ASRemote" internaltype="Text" winfileextension="asr" macfileextension="asr" file="Default.asr">
		<TITLE>
			<MMString:loadString id="mmdocumenttypes_62" />
		</TITLE>
		<description>
			<MMString:loadString id="mmdocumenttypes_63" /> 
		</description>
	</documenttype>
	<documenttype id="TPL" internaltype="HTML" winfileextension="tpl" macfileextension="tpl" file="Default.html" writebyteordermark="false">
		<TITLE>
			<MMString:loadString id="mmdocumenttypes_64" />
		</TITLE>
		<description>
			<MMString:loadString id="mmdocumenttypes_65" />
		</description>
	</documenttype> 


</documenttypes>
